{
  "val_accuracy": 0.8641964285714285,
  "test_accuracy": 0.8655714285714285,
  "n_train": 44800,
  "n_val": 11200,
  "n_test": 14000,
  "pca_n_components": 50,
  "pca_whiten": false
}