{
  "val_accuracy": 0.876875,
  "test_accuracy": 0.8804285714285714,
  "n_train": 44800,
  "n_val": 11200,
  "n_test": 14000
}